120.32.137.151,8080,天津,HTTP
125.89.55.39,8010,安徽,HTTP
119.136.199.196,8010,安徽,HTTP
223.242.130.112,8010,安徽,HTTP
121.31.140.154,80,海南海口,HTTP
27.46.37.19,8010,安徽,HTTP
110.73.54.183,8010,安徽,HTTP
223.241.118.242,9000,上海,HTTP
117.65.34.145,8010,安徽,HTTP
110.73.42.192,80,海南海口,HTTP
113.116.144.88,80,海南海口,HTTP
113.116.145.94,80,海南海口,HTTP
125.126.169.227,80,海南海口,HTTP
14.120.73.54,9000,上海,HTTP
182.88.199.84,80,海南海口,HTTP
163.125.255.151,8080,天津,HTTP
27.46.42.5,80,浙江杭州,HTTP
122.4.44.38,9000,上海,HTTP
182.88.117.81,80,海南海口,HTTP
218.20.55.90,9000,上海,HTTP
59.41.202.179,80,海南海口,HTTP
113.92.95.113,80,海南海口,HTTP
116.30.219.243,80,海南海口,HTTP
163.125.198.172,8123,广西防城港,HTTP
111.155.124.74,8123,广西防城港,HTTP
120.32.209.12,80,浙江杭州,HTTP
27.46.33.214,80,浙江杭州,HTTP
49.81.248.105,80,浙江杭州,HTTP
123.96.136.67,80,浙江杭州,HTTP
106.3.240.209,8010,安徽,HTTP
111.200.89.146,80,浙江杭州,HTTP
110.72.192.103,8123,广西防城港,HTTP
113.67.182.108,9000,上海,HTTP
115.222.1.178,8080,吉林长春,HTTP
223.241.116.73,8010,安徽,HTTP
223.241.118.215,8010,安徽,HTTP
61.182.43.21,8080,天津,HTTP
123.169.38.90,8123,广西防城港,HTTP
113.221.45.21,8010,安徽,HTTP
119.39.114.244,8123,广西防城港,HTTP
222.244.39.220,80,浙江杭州,HTTP
112.114.79.198,8123,广西防城港,HTTP
223.241.119.155,8010,安徽芜湖,HTTP
112.114.92.251,8123,广西防城港,HTTP
218.20.55.39,8123,广西防城港,HTTP
110.72.31.154,8123,广西防城港,HTTP
125.106.224.239,8080,天津,HTTP
116.24.153.98,8080,天津,HTTP
110.90.190.3,80,浙江杭州,HTTP
61.144.100.102,80,海南海口,HTTP
123.185.131.19,8123,广西防城港,HTTP
112.114.93.38,8080,天津,HTTP
113.120.62.72,80,浙江杭州,HTTP
115.46.108.99,80,海南海口,HTTP
115.46.70.164,80,浙江杭州,HTTP
123.185.129.181,9000,上海,HTTP
119.136.197.94,8123,广西防城港,HTTP
112.114.98.7,8123,广西防城港,HTTP
223.241.79.65,8123,广西防城港,HTTP
223.241.116.78,9000,上海,HTTP
119.51.105.192,8123,广西防城港,HTTP
171.39.31.223,80,浙江杭州,HTTP
123.112.17.53,8123,广西防城港,HTTP
1.197.153.33,9000,上海,HTTP
182.240.39.61,8123,广西防城港,HTTP
115.200.61.230,9000,上海,HTTP
112.114.98.31,80,海南海口,HTTP
112.114.92.178,8123,广西防城港,HTTP
115.219.85.136,80,浙江杭州,HTTP
110.72.33.64,8080,天津,HTTP
183.184.192.16,8010,安徽芜湖,HTTP
112.114.96.76,80,浙江杭州,HTTP
121.31.100.200,8080,天津,HTTP
180.105.37.26,8123,广西防城港,HTTP
114.250.78.225,80,浙江杭州,HTTP
110.73.2.166,9000,上海,HTTP
219.137.72.154,8123,广西防城港,HTTP
110.73.10.88,8123,广西防城港,HTTP
59.60.168.126,8010,安徽芜湖,HTTP
101.81.108.92,80,海南海口,HTTP
183.30.197.106,8123,广西防城港,HTTP
123.54.237.124,9000,上海,HTTP
27.42.145.146,8123,广西防城港,HTTP
36.25.27.245,9000,上海,HTTP
112.114.98.178,8123,广西防城港,HTTP
110.73.32.2,80,浙江杭州,HTTP
110.73.42.16,80,浙江杭州,HTTP
115.202.95.144,9000,上海,HTTP
113.109.248.12,8123,广西防城港,HTTP
112.91.219.133,8123,广西防城港,HTTP
112.114.92.185,8123,广西防城港,HTTP
49.85.13.211,80,海南海口,HTTP
110.72.30.199,8080,天津,HTTP
1.192.247.86,80,浙江杭州,HTTP
125.126.171.141,8080,天津,HTTP
180.115.11.145,8080,天津,HTTP
223.241.117.142,8123,广西防城港,HTTP
223.241.117.216,8080,天津,HTTP
116.231.35.215,8080,天津,HTTP
182.88.160.235,8010,安徽芜湖,HTTP
182.88.242.204,8080,天津,HTTP
112.114.92.141,8080,天津,HTTP
113.88.99.9,8123,广西防城港,HTTP
123.121.79.213,8123,广西防城港,HTTP
112.114.99.203,8010,安徽芜湖,HTTP
223.241.116.106,8010,安徽芜湖,HTTP
125.126.175.150,8123,广西防城港,HTTP
14.153.55.9,8010,安徽芜湖,HTTP
182.34.20.56,8123,广西防城港,HTTP
121.31.102.25,8080,天津,HTTP
114.239.145.17,8010,安徽,HTTP
110.73.28.29,8123,广西防城港,HTTP
119.129.97.60,8010,安徽,HTTP
112.114.98.145,8010,安徽,HTTP
115.46.109.102,80,海南海口,HTTP
115.203.194.65,8010,安徽,HTTP
113.116.144.123,8123,广西防城港,HTTP
125.41.108.186,8010,安徽,HTTP
112.114.96.88,8010,安徽,HTTP
113.116.142.120,8010,安徽芜湖,HTTP
110.73.10.153,80,海南海口,HTTP
120.84.234.64,8123,广西防城港,HTTP
223.241.117.36,8010,安徽芜湖,HTTP
182.88.197.136,8010,安徽,HTTP
116.55.111.19,8010,安徽,HTTP
121.226.175.86,8010,安徽芜湖,HTTP
171.211.52.224,8010,安徽芜湖,HTTP
113.110.229.220,9000,上海,HTTP
1.198.196.190,8010,安徽芜湖,HTTP
125.112.207.51,8010,安徽芜湖,HTTP
117.28.147.105,8010,安徽,HTTP
112.93.163.163,80,浙江杭州,HTTP
182.91.118.231,8010,安徽,HTTP
125.126.168.229,8080,天津,HTTP
223.241.79.164,8010,安徽芜湖,HTTP
114.226.164.153,8010,安徽,HTTP
112.114.77.173,8123,广西防城港,HTTP
115.29.151.104,8123,广西防城港,HTTP
112.114.77.78,8080,天津,HTTP
182.88.149.231,8080,天津,HTTP
110.83.174.161,8123,广西防城港,HTTP
125.41.157.143,808,安徽合肥,HTTP
121.31.177.163,808,安徽合肥,HTTP
110.73.4.234,8010,安徽,HTTP
49.87.178.121,8010,安徽,HTTP
182.90.9.18,8010,安徽,HTTP
27.46.36.92,8118,云南临沧,HTTP
49.85.3.81,8010,安徽,HTTP
110.72.16.46,8010,安徽,HTTP
125.122.17.135,8010,安徽,HTTP
112.114.97.50,8010,安徽,HTTP
58.251.229.91,80,海南海口,HTTP
123.55.1.102,9000,上海,HTTP
42.59.120.98,9000,上海,HTTP
122.5.128.174,80,海南海口,HTTP
112.114.96.16,8010,安徽芜湖,HTTP
171.37.160.224,8080,天津,HTTP
171.39.42.235,808,安徽合肥,HTTP
110.73.5.73,8080,天津,HTTP
183.150.136.79,8123,广西防城港,HTTP
182.139.160.87,8080,天津,HTTP
110.72.33.198,8080,天津,HTTP
110.73.11.112,8123,广西防城港,HTTP
106.113.242.61,8118,云南临沧,HTTP
106.58.123.187,808,安徽合肥,HTTP
122.226.68.6,8118,云南临沧,HTTP
163.125.232.180,8118,云南临沧,HTTP
112.114.96.236,80,海南海口,HTTP
114.217.26.248,8010,安徽芜湖,HTTP
110.73.1.93,8010,安徽,HTTP
223.241.78.88,8010,安徽芜湖,HTTP
110.85.133.227,9000,上海,HTTP
223.241.116.182,9000,上海,HTTP
114.249.117.212,8123,广西防城港,HTTP
112.114.98.42,80,浙江杭州,HTTP
222.212.185.2,80,海南海口,HTTP
222.71.88.210,8010,安徽芜湖,HTTP
112.114.98.3,8010,安徽,HTTP
110.73.6.201,8123,广西防城港,HTTP
223.241.116.26,80,海南海口,HTTP
117.60.26.53,8123,广西防城港,HTTP
112.114.79.208,8080,天津,HTTP
119.122.30.180,80,浙江杭州,HTTP
36.22.174.106,8080,天津,HTTP
114.239.2.101,8123,广西防城港,HTTP
120.33.247.123,808,四川,HTTP
112.114.93.89,8010,安徽,HTTP
171.39.2.182,80,海南海口,HTTP
112.67.176.49,8010,安徽,HTTP
114.239.3.162,80,浙江杭州,HTTP
124.232.163.49,9000,上海,HTTP
112.114.96.128,9000,上海,HTTP
14.211.123.155,8123,广西防城港,HTTP
110.73.54.160,8123,广西防城港,HTTP
110.73.49.139,9000,上海,HTTP
175.8.9.166,9000,上海,HTTP
218.20.54.204,9000,上海,HTTP
140.250.171.193,9000,上海,HTTP
115.46.75.90,80,浙江杭州,HTTP
117.37.243.242,8123,广西防城港,HTTP
140.255.100.26,80,浙江杭州,HTTP
101.37.23.221,80,浙江杭州,HTTP
110.89.155.91,8123,广西防城港,HTTP
106.113.242.214,80,浙江杭州,HTTP
49.84.42.225,8123,广西防城港,HTTP
110.73.6.154,8080,天津,HTTP
110.73.5.56,8080,天津,HTTP
110.73.9.12,8080,天津,HTTP
171.38.64.4,8080,天津,HTTP
111.155.116.225,808,四川,HTTP
112.255.11.235,8123,广西防城港,HTTP
183.15.182.235,34434,江苏泰州,HTTP
121.31.157.93,8010,安徽,HTTP
110.73.8.198,8123,广西防城港,HTTP
183.51.191.72,8123,广西防城港,HTTP
110.72.34.177,8123,广西防城港,HTTP
113.116.147.69,8123,广西防城港,HTTP
101.236.62.36,808,四川,HTTP
171.37.159.114,34434,江苏泰州,HTTP
114.115.216.99,808,四川,HTTP
182.240.21.3,8080,广西防城港,HTTP
27.42.173.158,8080,广西防城港,HTTP
113.92.93.207,8123,广西防城港,HTTP
183.152.187.16,34434,江苏泰州,HTTP
113.65.160.26,8080,广西防城港,HTTP
112.114.77.158,8080,吉林长春,HTTP
111.192.193.218,8080,广西防城港,HTTP
113.77.101.96,8080,广西防城港,HTTP
171.36.155.141,8010,安徽芜湖,HTTP
113.221.45.182,8010,安徽,HTTP
114.230.41.109,80,海南海口,HTTP
27.40.131.24,8010,安徽,HTTP
183.163.39.117,9000,上海,HTTP
182.149.221.208,80,海南海口,HTTP
60.185.142.134,9000,上海,HTTP
113.86.221.245,8118,云南临沧,HTTP
120.86.105.226,8080,广西防城港,HTTP
112.114.93.34,8080,广西防城港,HTTP
59.38.60.245,8080,广西防城港,HTTP
223.241.78.152,808,安徽合肥,HTTP
110.88.11.238,8080,吉林长春,HTTP
222.183.215.3,8080,广西防城港,HTTP
112.114.77.199,80,浙江杭州,HTTP
125.93.149.165,808,安徽合肥,HTTP
202.38.92.181,8123,广西防城港,HTTP
182.244.205.79,80,浙江杭州,HTTP
124.232.163.8,9000,上海,HTTP
49.81.32.8,8010,安徽芜湖,HTTP
182.88.128.21,8080,天津,HTTP
110.73.1.116,8010,安徽,HTTP
106.12.8.215,80,浙江杭州,HTTP
219.133.10.72,8010,安徽,HTTP
115.46.99.57,8010,安徽芜湖,HTTP
118.114.210.204,80,海南海口,HTTP
180.122.144.71,80,海南海口,HTTP
223.241.119.50,80,海南海口,HTTP
222.161.81.144,80,浙江杭州,HTTP
106.42.98.29,80,海南海口,HTTP
27.46.39.183,9000,上海,HTTP
110.73.55.225,8123,广西防城港,HTTP
120.35.203.92,8010,安徽芜湖,HTTP
112.114.95.94,80,浙江杭州,HTTP
121.205.75.6,80,海南海口,HTTP
182.254.153.93,8123,广西防城港,HTTP
112.114.98.123,8123,广西防城港,HTTP
202.105.111.40,8123,广西防城港,HTTP
112.114.97.194,9000,上海,HTTP
113.116.144.248,8123,广西防城港,HTTP
183.152.165.214,8080,天津,HTTP
119.122.213.76,8080,天津,HTTP
110.73.11.61,8080,天津,HTTP
110.73.40.122,8080,天津,HTTP
110.73.40.182,8080,天津,HTTP
113.15.74.246,9000,广东东莞,HTTP
60.28.39.226,8080,天津,HTTP
110.73.31.136,9000,广东东莞,HTTP
117.83.115.240,8010,安徽,HTTP
171.39.0.139,8080,天津,HTTP
223.245.198.171,8010,安徽,HTTP
180.155.141.190,8010,安徽,HTTP
223.241.79.199,808,辽宁大连,HTTP
171.37.170.124,8010,安徽,HTTP
123.185.130.156,8010,安徽,HTTP
218.66.145.100,8010,安徽,HTTP
112.95.95.10,8010,安徽,HTTP
110.73.2.19,8010,安徽,HTTP
1.192.230.73,8010,安徽,HTTP
180.115.0.245,8010,安徽芜湖,HTTP
110.73.32.78,8123,广西防城港,HTTP
183.133.95.103,80,浙江杭州,HTTP
171.39.1.223,8080,天津,HTTP
116.30.123.72,9000,广东东莞,HTTP
42.122.215.10,8080,天津,HTTP
110.73.15.129,80,海南海口,HTTP
180.120.208.127,8010,安徽,HTTP
121.31.141.42,8010,安徽,HTTP
180.165.32.42,80,海南海口,HTTP
121.31.102.15,9000,上海,HTTP
114.226.167.116,80,海南海口,HTTP
123.152.76.73,80,浙江杭州,HTTP
119.136.197.66,808,安徽合肥,HTTP
123.162.168.98,8080,吉林长春,HTTP
220.168.238.22,8118,云南临沧,HTTP
114.221.255.57,8010,安徽,HTTP
110.185.65.3,808,辽宁大连,HTTP
171.39.42.181,8010,安徽,HTTP
182.244.207.109,808,辽宁大连,HTTP
175.171.183.63,8010,安徽芜湖,HTTP
222.74.225.231,808,辽宁大连,HTTP
110.73.50.75,8010,安徽芜湖,HTTP
218.73.142.182,808,辽宁大连,HTTP
223.241.118.101,34434,江苏泰州,HTTP
120.33.247.73,34434,江苏泰州,HTTP
115.202.225.14,34434,江苏泰州,HTTP
221.198.105.10,34434,江苏泰州,HTTP
36.22.175.171,808,辽宁大连,HTTP
114.239.0.175,34434,江苏泰州,HTTP
27.46.74.14,34434,江苏泰州,HTTP
110.73.4.187,808,四川,HTTP
115.46.75.11,8010,安徽,HTTP
112.114.99.37,8010,安徽,HTTP
112.67.169.171,808,四川,HTTP
115.46.97.3,80,海南海口,HTTP
101.236.32.37,808,四川,HTTP
112.114.97.19,808,四川,HTTP
27.46.21.206,808,四川,HTTP
27.44.169.83,8080,吉林长春,HTTP
49.85.214.172,8080,广西防城港,HTTP
171.37.143.54,8080,吉林长春,HTTP
223.241.118.95,8080,吉林长春,HTTP
115.226.159.101,80,浙江杭州,HTTP
59.34.204.60,8080,广西防城港,HTTP
110.73.6.178,8010,安徽,HTTP
113.79.75.9,8080,广西防城港,HTTP
219.138.58.130,808,辽宁大连,HTTP
121.31.177.35,8080,天津,HTTP
220.162.78.155,8123,广西防城港,HTTP
123.14.171.67,8123,广西防城港,HTTP
123.96.168.127,80,浙江杭州,HTTP
183.152.164.16,8123,广西防城港,HTTP
121.34.50.112,8123,广西防城港,HTTP
106.56.102.102,8080,吉林长春,HTTP
182.244.205.107,808,辽宁大连,HTTP
211.103.208.244,808,安徽合肥,HTTP
223.241.117.247,808,安徽合肥,HTTP
27.44.160.152,8080,吉林长春,HTTP
58.52.165.151,8123,广西防城港,HTTP
112.67.186.64,8080,吉林长春,HTTP
113.87.161.227,8080,广西防城港,HTTP
49.73.231.170,8123,广西防城港,HTTP
101.236.60.215,808,四川,HTTP
113.218.216.52,80,海南海口,HTTP
120.34.90.139,80,海南海口,HTTP
122.141.222.182,8118,云南临沧,HTTP
218.20.55.5,80,海南海口,HTTP
171.37.174.154,8118,云南临沧,HTTP
113.221.44.154,8118,云南临沧,HTTP
223.241.116.246,8118,云南临沧,HTTP
121.13.165.194,8010,安徽,HTTP
110.72.255.234,8080,天津,HTTP
112.114.96.248,80,海南海口,HTTP
114.235.82.55,8118,云南临沧,HTTP
27.46.38.249,8118,云南临沧,HTTP
114.234.81.16,8010,安徽,HTTP
61.144.101.8,8010,安徽,HTTP
223.241.118.51,9000,上海,HTTP
112.67.164.150,80,海南海口,HTTP
122.228.179.178,80,海南海口,HTTP
58.60.255.65,8010,安徽,HTTP
120.40.132.248,80,海南海口,HTTP
14.117.210.33,9000,上海,HTTP
113.83.240.112,808,安徽合肥,HTTP
110.73.30.11,8010,安徽芜湖,HTTP
110.73.2.222,9000,上海,HTTP
223.241.119.126,8118,云南临沧,HTTP
202.105.111.254,8010,安徽,HTTP
110.73.42.32,8010,安徽,HTTP
36.22.121.65,9000,上海,HTTP
180.156.95.144,8010,安徽芜湖,HTTP
123.184.86.80,9000,上海,HTTP
115.46.75.242,8010,安徽,HTTP
27.46.74.27,34434,江苏泰州,HTTP
61.144.102.66,80,海南海口,HTTP
139.208.21.215,8080,天津,HTTP
180.155.129.3,9000,上海,HTTP
223.241.118.102,8010,安徽芜湖,HTTP
111.155.116.236,8010,安徽,HTTP
115.221.121.114,8010,安徽芜湖,HTTP
101.81.111.36,9000,上海,HTTP
14.211.124.34,9000,上海,HTTP
119.114.104.79,9000,上海,HTTP
223.241.116.205,808,四川,HTTP
113.88.64.59,80,海南海口,HTTP
114.230.104.211,9000,广东东莞,HTTP
58.254.105.231,8010,安徽,HTTP
115.46.75.121,8010,安徽,HTTP
110.86.139.234,8010,安徽,HTTP
221.237.51.147,8010,安徽,HTTP
121.31.103.51,61234,广东湛江,HTTP
123.185.128.64,9000,上海,HTTP
113.88.15.74,8010,安徽,HTTP
180.118.120.49,8010,安徽,HTTP
223.241.78.126,8118,云南临沧,HTTP
119.23.174.101,8010,安徽,HTTP
114.250.94.95,8010,安徽,HTTP
183.32.88.67,61234,广东湛江,HTTP
114.239.1.233,808,四川,HTTP
182.88.190.255,80,海南海口,HTTP
111.155.116.206,80,海南海口,HTTP
114.231.111.225,80,海南海口,HTTP
182.91.88.105,80,浙江杭州,HTTP
117.78.50.121,8010,安徽芜湖,HTTP
110.73.9.122,80,海南海口,HTTP
125.87.255.14,80,海南海口,HTTP
223.241.78.10,80,海南海口,HTTP
120.24.63.129,8010,安徽,HTTP
223.241.116.183,8010,安徽芜湖,HTTP
101.205.83.111,8010,安徽芜湖,HTTP
223.241.116.144,8080,吉林长春,HTTP
110.73.55.185,8010,安徽,HTTP
115.193.56.98,8010,安徽芜湖,HTTP
175.8.201.181,8010,安徽,HTTP
182.88.214.116,8010,安徽,HTTP
42.179.32.33,8010,安徽,HTTP
114.239.3.155,808,辽宁大连,HTTP
119.129.97.70,8010,安徽芜湖,HTTP
112.67.185.43,8010,安徽芜湖,HTTP
121.31.195.60,8010,安徽芜湖,HTTP
110.73.12.251,8010,安徽芜湖,HTTP
113.68.158.6,9000,上海,HTTP
122.237.106.119,8010,安徽,HTTP
175.8.218.116,8010,安徽,HTTP
114.246.175.186,8010,安徽,HTTP
112.114.96.191,61234,广东湛江,HTTP
114.212.85.135,61234,广东湛江,HTTP
110.73.35.235,8010,安徽,HTTP
112.67.168.16,8010,安徽,HTTP
27.13.180.195,8080,吉林长春,HTTP
112.114.96.199,808,江苏南京,HTTP
49.79.56.102,8010,安徽,HTTP
123.163.160.102,8010,安徽,HTTP
110.73.4.217,8010,安徽,HTTP
106.113.242.62,8010,安徽芜湖,HTTP
112.114.98.197,8010,安徽,HTTP
121.31.196.30,8010,安徽芜湖,HTTP
210.41.97.146,8010,安徽芜湖,HTTP
125.76.177.113,8010,安徽芜湖,HTTP
122.4.43.200,8010,安徽,HTTP
223.241.118.176,8010,安徽,HTTP
110.73.40.244,8010,安徽,HTTP
175.171.183.233,61234,广东湛江,HTTP
110.73.50.197,61234,广东湛江,HTTP
222.242.106.142,61234,广东湛江,HTTP
112.114.78.142,61234,广东湛江,HTTP
112.114.79.134,61234,广东湛江,HTTP
112.114.97.116,8010,安徽芜湖,HTTP
183.63.126.227,808,四川,HTTP
175.172.172.205,8080,吉林长春,HTTP
110.73.35.14,8118,云南临沧,HTTP
140.250.132.193,8010,安徽,HTTP
221.7.255.168,8080,吉林长春,HTTP
59.34.204.18,808,安徽合肥,HTTP
223.241.117.41,808,安徽合肥,HTTP
223.241.119.108,8118,云南临沧,HTTP
223.241.118.201,8010,安徽,HTTP
110.73.53.155,8010,安徽,HTTP
183.15.180.6,8010,安徽芜湖,HTTP
223.241.117.186,8118,云南临沧,HTTP
163.125.192.179,8010,安徽,HTTP
113.116.142.252,8118,云南临沧,HTTP
110.73.11.184,8118,云南临沧,HTTP
182.88.27.240,808,安徽合肥,HTTP
27.46.7.148,8010,安徽,HTTP
112.114.97.193,8010,安徽,HTTP
117.64.237.222,61234,广东湛江,HTTP
120.84.237.94,61234,广东湛江,HTTP
121.31.147.25,8010,安徽,HTTP
114.246.179.185,8010,安徽芜湖,HTTP
222.77.50.135,9000,广东东莞,HTTP
110.73.2.173,34434,江苏泰州,HTTP
171.36.211.147,808,四川,HTTP
27.44.167.200,8080,吉林长春,HTTP
113.89.52.136,8080,吉林长春,HTTP
114.245.149.215,8010,安徽,HTTP
112.67.169.7,808,安徽合肥,HTTP
221.233.85.152,808,安徽合肥,HTTP
110.73.49.138,808,辽宁大连,HTTP
122.241.31.129,8010,安徽芜湖,HTTP
61.183.84.122,8118,云南临沧,HTTP
222.85.50.212,8010,安徽,HTTP
223.241.119.230,8118,云南临沧,HTTP
221.217.50.57,8118,云南临沧,HTTP
223.199.161.112,9000,上海,HTTP
112.114.76.181,808,辽宁大连,HTTP
171.14.210.94,808,四川,HTTP
113.92.92.128,8118,云南临沧,HTTP
180.156.94.218,8118,云南临沧,HTTP
110.84.177.167,34434,江苏泰州,HTTP
113.218.217.251,8080,吉林长春,HTTP
221.233.85.50,34434,江苏泰州,HTTP
223.241.119.4,808,四川,HTTP
113.109.249.22,8888,湖南,HTTP
175.18.15.28,8010,安徽,HTTP
120.43.63.191,808,四川,HTTP
112.114.98.196,808,四川,HTTP
1.199.192.123,808,四川,HTTP
183.172.179.132,8080,广西防城港,HTTP
110.72.24.200,80,海南海口,HTTP
110.72.28.111,80,海南海口,HTTP
112.114.95.106,8080,广西防城港,HTTP
101.6.130.197,8080,广西防城港,HTTP
110.73.11.77,8080,吉林长春,HTTP
113.110.230.187,8080,吉林长春,HTTP
112.114.99.32,808,四川,HTTP
125.109.193.26,8080,广西防城港,HTTP
112.114.98.96,8080,广西防城港,HTTP
222.246.13.57,808,江苏南京,HTTP
218.20.54.251,8080,吉林长春,HTTP
221.233.85.157,8080,吉林长春,HTTP
115.200.48.239,8010,安徽芜湖,HTTP
119.29.178.21,8080,吉林长春,HTTP
115.221.122.23,8080,吉林长春,HTTP
59.38.60.250,8888,湖南,HTTP
118.113.146.2,8118,云南临沧,HTTP
221.217.49.66,8118,云南临沧,HTTP
115.226.14.232,61234,广东湛江,HTTP
110.73.29.182,9000,上海,HTTP
223.241.79.41,8080,吉林长春,HTTP
220.198.97.114,8080,吉林长春,HTTP
183.30.197.98,8010,安徽,HTTP
182.88.196.48,808,四川,HTTP
110.188.35.39,8080,广西防城港,HTTP
60.10.219.141,808,辽宁大连,HTTP
110.73.30.189,61234,广东湛江,HTTP
223.241.119.105,34434,江苏泰州,HTTP
123.185.131.62,8888,湖南,HTTP
60.184.187.72,9000,广东东莞,HTTP
1.195.58.147,9000,广东东莞,HTTP
112.114.77.69,8010,安徽,HTTP
124.237.129.45,8010,安徽,HTTP
123.56.109.24,80,海南海口,HTTP
116.213.98.6,8010,安徽,HTTP
223.241.119.96,808,辽宁大连,HTTP
27.44.199.149,808,辽宁大连,HTTP
125.89.54.20,808,辽宁大连,HTTP
120.33.247.133,808,辽宁大连,HTTP
112.114.99.132,808,四川,HTTP
220.166.12.127,808,四川,HTTP
182.88.184.106,808,辽宁大连,HTTP
115.46.89.40,808,辽宁大连,HTTP
218.5.162.167,808,辽宁大连,HTTP
115.237.235.29,34434,江苏泰州,HTTP
175.17.154.170,34434,江苏泰州,HTTP
223.241.118.78,34434,江苏泰州,HTTP
117.65.50.158,34434,江苏泰州,HTTP
119.178.221.210,808,四川,HTTP
112.114.94.115,808,四川,HTTP
115.46.64.50,8080,广西防城港,HTTP
183.30.201.90,8080,吉林长春,HTTP
14.221.165.122,808,江苏南京,HTTP
42.49.119.185,8080,广西防城港,HTTP
180.118.243.242,8080,吉林长春,HTTP
114.217.27.40,8080,广西防城港,HTTP
218.17.8.94,8080,吉林长春,HTTP
27.46.74.18,8080,吉林长春,HTTP
14.211.125.2,34434,江苏泰州,HTTP
180.118.240.96,808,江苏南京,HTTP
163.125.156.201,8118,云南临沧,HTTP
115.46.99.212,8010,安徽,HTTP
113.221.13.158,23837,河南新乡,HTTP
114.95.118.139,8010,安徽,HTTP
110.73.51.147,80,湖北,HTTP
183.32.88.76,23837,河南新乡,HTTP
27.44.78.149,23837,河南新乡,HTTP
117.62.168.80,61234,广东湛江,HTTP
27.40.140.35,80,湖北,HTTP
27.40.150.182,80,湖北,HTTP
60.163.120.31,8888,广东深圳,HTTP
115.213.201.176,8888,广东深圳,HTTP
180.118.242.159,34434,江苏泰州,HTTP
183.32.88.73,8888,广东深圳,HTTP
125.126.173.198,8888,广东深圳,HTTP
220.191.83.192,61234,广东湛江,HTTP
111.155.116.229,8080,广西防城港,HTTP
112.114.94.123,808,四川,HTTP
60.163.110.48,61234,广东湛江,HTTP
223.241.78.121,61234,广东湛江,HTTP
125.126.171.79,8888,广东深圳,HTTP
58.52.137.9,9000,广东东莞,HTTP
101.81.140.63,808,江苏南京,HTTP
223.247.245.21,808,江苏南京,HTTP
112.114.79.48,808,江苏南京,HTTP
223.150.216.73,61234,广东湛江,HTTP
27.46.36.223,8010,安徽,HTTP
113.116.125.210,8010,安徽,HTTP
14.153.55.18,34434,江苏泰州,HTTP
112.114.78.99,8010,安徽,HTTP
171.39.30.218,8080,广西防城港,HTTP
110.73.42.141,8010,安徽,HTTP
110.73.51.196,8010,安徽,HTTP
112.114.93.202,8118,云南临沧,HTTP
183.32.89.3,23837,河南新乡,HTTP
222.241.14.19,80,湖北,HTTP
110.73.13.8,8080,广西防城港,HTTP
183.32.89.138,80,湖北,HTTP
120.84.137.119,61234,广东湛江,HTTP
110.73.7.41,8888,广东深圳,HTTP
60.163.121.43,8888,广东深圳,HTTP
27.40.130.16,8888,广东深圳,HTTP
113.77.101.20,61234,广东湛江,HTTP
223.241.116.28,8080,广西防城港,HTTP
61.144.100.164,61234,广东湛江,HTTP
114.95.119.192,61234,广东湛江,HTTP
110.73.34.17,808,江苏南京,HTTP
114.239.147.23,808,江苏南京,HTTP
221.205.182.243,8888,湖南,HTTP
115.55.156.137,808,江苏南京,HTTP
112.114.76.221,61234,广东湛江,HTTP
112.114.93.1,808,江苏南京,HTTP
222.85.50.222,61234,广东湛江,HTTP
219.138.58.252,808,江苏南京,HTTP
110.73.11.122,9000,广东东莞,HTTP
182.91.227.250,61234,广东湛江,HTTP
118.254.150.189,61234,广东湛江,HTTP
116.52.97.62,61234,广东湛江,HTTP
115.213.202.213,61234,广东湛江,HTTP
14.221.164.81,8888,湖南,HTTP
113.221.45.178,9000,广东深圳,HTTP
27.40.137.210,808,江苏南京,HTTP
27.40.159.64,808,江苏南京,HTTP
183.32.89.90,808,江苏南京,HTTP
183.172.64.144,8888,湖南,HTTP
116.226.69.14,8888,湖南,HTTP
36.26.222.181,9000,广东东莞,HTTP
110.73.32.124,9000,广东东莞,HTTP
220.174.236.211,80,海南海口,HTTP
120.39.162.178,9000,广东东莞,HTTP
175.171.184.91,8010,安徽,HTTP
113.79.75.150,808,辽宁大连,HTTP
163.125.71.169,34434,江苏泰州,HTTP
110.73.33.42,34434,江苏泰州,HTTP
223.150.219.77,808,四川,HTTP
112.114.99.172,8080,广西防城港,HTTP
115.203.205.15,808,安徽合肥,HTTP
110.73.1.91,8010,安徽,HTTP
112.67.183.22,8080,吉林长春,HTTP
112.114.98.142,808,江苏南京,HTTP
218.20.55.177,61234,广东湛江,HTTP
110.72.23.141,23837,河南新乡,HTTP
112.114.92.212,80,湖北,HTTP
112.114.77.74,80,湖北,HTTP
222.134.164.15,80,湖北,HTTP
121.236.253.142,80,湖北,HTTP
183.32.89.89,80,湖北,HTTP
222.71.93.161,8888,广东深圳,HTTP
183.32.89.6,61234,广东湛江,HTTP
58.251.231.253,8888,湖南,HTTP
183.16.196.185,8888,广东深圳,HTTP
60.163.120.184,8888,广东深圳,HTTP
123.55.157.120,8888,广东深圳,HTTP
110.73.4.91,8010,安徽,HTTP
182.42.37.68,61234,广东湛江,HTTP
183.32.88.31,808,江苏南京,HTTP
183.32.88.134,808,江苏南京,HTTP
183.133.89.47,61234,广东湛江,HTTP
116.16.34.114,8888,湖南,HTTP
221.233.85.54,8888,湖南,HTTP
27.19.69.201,61234,广东湛江,HTTP
114.234.80.219,8118,浙江丽水,HTTP
14.120.72.91,8010,安徽,HTTP
223.150.219.253,8888,湖南,HTTP
14.211.123.107,9000,广东深圳,HTTP
111.78.41.214,9000,广东东莞,HTTP
58.251.228.166,80,海南海口,HTTP
110.73.52.164,9000,广东东莞,HTTP
112.67.191.239,808,江苏南京,HTTP
118.254.154.208,61234,广东湛江,HTTP
222.76.187.34,808,广东中山,HTTP
182.42.37.46,34434,江苏泰州,HTTP
110.73.35.159,8010,安徽,HTTP
110.73.31.250,8010,安徽,HTTP
60.162.17.87,8888,广东深圳,HTTP
110.73.53.13,8080,广西防城港,HTTP
36.26.255.69,8888,广东深圳,HTTP
163.125.194.188,8118,云南临沧,HTTP
183.32.88.13,808,江苏南京,HTTP
183.32.88.254,61234,广东湛江,HTTP
27.40.146.84,61234,广东湛江,HTTP
110.90.185.219,808,江苏南京,HTTP
113.121.242.42,61234,广东湛江,HTTP
123.149.163.90,61234,广东湛江,HTTP
223.153.32.227,8888,广东深圳,HTTP
222.85.19.41,61234,广东湛江,HTTP
180.213.60.7,23837,河南新乡,HTTP
117.85.116.23,8888,广东深圳,HTTP
60.160.171.10,9000,广东深圳,HTTP
42.49.119.173,8888,湖南,HTTP
112.114.79.99,8888,湖南,HTTP
183.148.90.233,61234,广东湛江,HTTP
112.114.95.50,8888,广东深圳,HTTP
163.125.66.202,61234,广东湛江,HTTP
27.40.128.184,61234,广东湛江,HTTP
123.13.45.24,61234,广东湛江,HTTP
183.15.180.245,808,江苏南京,HTTP
112.114.95.137,808,江苏南京,HTTP
120.9.72.14,808,江苏南京,HTTP
115.200.61.22,61234,广东湛江,HTTP
219.138.58.103,808,江苏南京,HTTP
113.78.88.204,61234,广东湛江,HTTP
223.199.158.202,61234,广东湛江,HTTP
110.73.10.194,61234,广东湛江,HTTP
222.241.15.77,9000,广东深圳,HTTP
101.6.33.224,8118,云南临沧,HTTP
183.32.88.7,23837,河南新乡,HTTP
111.76.152.87,80,湖北,HTTP
180.156.95.46,8888,广东深圳,HTTP
115.203.215.16,8888,广东深圳,HTTP
27.40.153.127,8888,广东深圳,HTTP
163.125.17.97,8888,湖南,HTTP
111.192.192.94,9000,广东深圳,HTTP
60.168.53.37,8888,广东深圳,HTTP
112.114.96.124,8888,广东深圳,HTTP
116.23.92.115,61234,广东湛江,HTTP
119.122.0.59,61234,广东湛江,HTTP
112.114.96.66,23837,河南新乡,HTTP
110.73.15.6,808,江苏南京,HTTP
110.90.132.121,808,江苏南京,HTTP
223.241.116.121,808,江苏南京,HTTP
106.81.230.125,808,江苏南京,HTTP
219.138.58.96,61234,广东湛江,HTTP
171.37.177.182,61234,广东湛江,HTTP
112.114.77.224,808,辽宁大连,HTTP
182.88.135.112,34434,江苏泰州,HTTP
116.28.170.196,8888,湖南,HTTP
112.114.78.219,8888,湖南,HTTP
120.86.107.14,9000,广东深圳,HTTP
27.40.149.165,8888,广东深圳,HTTP
183.32.88.44,808,江苏南京,HTTP
223.241.116.139,8888,广东深圳,HTTP
27.40.150.87,61234,广东湛江,HTTP
27.152.6.166,808,辽宁大连,HTTP
113.221.46.45,61234,广东湛江,HTTP
110.172.220.194,808,江苏南京,HTTP
110.73.48.98,61234,广东湛江,HTTP
171.39.13.104,61234,广东湛江,HTTP
113.79.75.132,808,四川,HTTP
116.30.123.145,8888,湖南,HTTP
101.94.2.44,808,广东中山,HTTP
202.109.207.125,61234,广东湛江,HTTP
27.40.148.111,80,湖北,HTTP
118.254.152.142,61234,广东湛江,HTTP
117.68.253.144,8888,广东深圳,HTTP
223.241.116.196,8888,广东深圳,HTTP
110.73.6.73,808,江苏南京,HTTP
117.31.149.158,8080,广西防城港,HTTP
175.23.15.143,61234,广东湛江,HTTP
121.8.243.66,808,广东中山,HTTP
223.241.116.37,61234,广东湛江,HTTP
121.237.141.251,8888,广东深圳,HTTP
114.212.82.251,61234,广东湛江,HTTP
114.236.182.78,808,广东中山,HTTP
114.235.82.174,8888,广东深圳,HTTP
112.114.96.70,61234,广东湛江,HTTP
14.153.55.128,80,湖北,HTTP
110.72.29.43,8888,湖南,HTTP
120.39.160.135,61234,广东湛江,HTTP
115.203.200.234,80,湖北,HTTP
111.155.124.69,23837,河南新乡,HTTP
27.40.154.111,80,湖北,HTTP
223.241.119.151,808,广东中山,HTTP
171.37.172.103,8888,广东深圳,HTTP
183.32.90.76,61234,广东湛江,HTTP
183.32.88.227,80,湖北,HTTP
27.40.131.217,61234,广东湛江,HTTP
223.241.79.46,61234,广东湛江,HTTP
113.78.88.148,61234,广东湛江,HTTP
183.17.123.152,23837,河南新乡,HTTP
110.73.52.222,80,湖北,HTTP
27.44.169.171,61234,广东湛江,HTTP
183.32.88.93,80,湖北,HTTP
223.241.117.108,80,湖北,HTTP
116.23.94.105,80,湖北,HTTP
121.31.153.125,8888,广东深圳,HTTP
111.155.116.212,808,江苏南京,HTTP
60.187.146.193,8888,广东深圳,HTTP
183.32.88.17,8888,广东深圳,HTTP
113.195.168.115,808,江苏南京,HTTP
183.32.88.36,61234,广东湛江,HTTP
183.148.66.200,8888,广东深圳,HTTP
163.125.158.119,80,湖北,HTTP
27.40.136.202,80,湖北,HTTP
110.73.55.87,61234,广东湛江,HTTP
110.73.51.110,61234,广东湛江,HTTP
223.241.117.135,61234,广东湛江,HTTP
110.73.54.31,8888,广东深圳,HTTP
180.118.240.175,8888,广东深圳,HTTP
1.192.217.133,8888,湖南,HTTP
119.162.165.28,9000,广东深圳,HTTP
14.221.165.233,61234,广东湛江,HTTP
183.32.88.125,61234,广东湛江,HTTP
218.247.61.3,61234,广东湛江,HTTP
125.45.130.128,61234,广东湛江,HTTP
112.114.96.152,23837,河南新乡,HTTP
110.73.4.85,61234,广东湛江,HTTP
183.32.88.8,9797,广西南宁,HTTP
27.40.139.254,80,湖北,HTTP
183.32.88.241,80,湖北,HTTP
182.88.123.160,61234,广东湛江,HTTP
183.32.88.48,808,广东中山,HTTP
223.243.54.15,80,湖北,HTTP
113.122.61.191,8888,广东深圳,HTTP
112.114.98.237,8888,广东深圳,HTTP
112.114.98.75,61234,广东湛江,HTTP
112.114.78.84,808,江苏南京,HTTP
183.32.88.255,80,湖北,HTTP
175.147.121.80,61234,广东湛江,HTTP
27.40.139.172,61234,广东湛江,HTTP
106.56.102.151,8888,广东深圳,HTTP
114.246.239.145,61234,广东湛江,HTTP
140.237.115.14,6666,广东中山,HTTP
59.110.62.128,61234,广东湛江,HTTP
219.157.240.237,8123,广西防城港,HTTP
183.32.88.12,808,广东中山,HTTP
223.241.119.153,9797,广西南宁,HTTP
110.73.2.189,61234,广东湛江,HTTP
112.114.92.113,80,湖北,HTTP
222.85.39.48,808,江苏南京,HTTP
119.123.176.28,9797,广西南宁,HTTP
219.138.58.243,9797,广西南宁,HTTP
183.32.89.184,6666,广东中山,HTTP
59.32.37.239,6666,广东中山,HTTP
202.105.111.138,61234,广东湛江,HTTP
183.172.235.237,6666,广东中山,HTTP
120.40.133.194,808,广东中山,HTTP
183.32.89.196,808,广东中山,HTTP
112.114.93.105,61234,广东湛江,HTTP
183.32.89.1,8118,浙江丽水,HTTP
202.121.178.244,8123,广西防城港,HTTP
121.31.194.118,8118,浙江丽水,HTTP
116.196.88.127,8118,浙江丽水,HTTP
115.46.89.67,9797,广西南宁,HTTP
119.29.12.129,8123,广西防城港,HTTP
223.241.78.51,9797,广西南宁,HTTP
121.31.103.105,8888,广东深圳,HTTP
183.148.76.202,61234,广东湛江,HTTP
115.55.159.217,6666,广东中山,HTTP
110.73.54.126,8888,广东深圳,HTTP
183.33.79.31,6666,广东中山,HTTP
114.95.117.30,6666,广东中山,HTTP
60.214.154.2,61234,广东湛江,HTTP
115.194.67.92,808,广东中山,HTTP
183.32.88.253,808,广东中山,HTTP
115.171.71.47,8123,广西防城港,HTTP
175.171.177.59,8118,浙江丽水,HTTP
116.52.89.236,8888,广东深圳,HTTP
118.81.142.107,8118,浙江丽水,HTTP
183.32.88.185,8118,浙江丽水,HTTP
110.73.54.178,8123,广西防城港,HTTP
110.73.8.240,8123,广西防城港,HTTP
49.87.182.120,9797,广西南宁,HTTP
180.121.132.118,808,广东中山,HTTP
202.108.145.55,808,广东中山,HTTP
183.32.88.120,808,广东中山,HTTP
183.32.88.115,23005,浙江台州,HTTP
113.116.125.0,8123,广西防城港,HTTP
223.241.116.195,8123,广西防城港,HTTP
223.241.116.228,8123,广西防城港,HTTP
183.32.88.66,808,广东中山,HTTP
115.46.89.231,9797,广西南宁,HTTP
110.88.28.16,808,广东中山,HTTP
183.30.201.229,808,广东中山,HTTP
117.92.77.16,8118,浙江丽水,HTTP
183.32.88.142,9000,广东深圳,HTTP
113.251.216.26,9000,广东深圳,HTTP
101.81.107.120,9000,广东深圳,HTTP
113.221.45.40,8888,广东深圳,HTTP
183.32.88.118,808,江苏南京,HTTP
183.32.90.59,9000,广东深圳,HTTP
110.73.54.108,9000,广东深圳,HTTP
183.32.89.116,9000,广东深圳,HTTP
183.32.88.247,808,广东中山,HTTP
116.17.124.145,8123,广西防城港,HTTP
183.32.88.46,23837,河南新乡,HTTP
119.162.41.121,6666,广东中山,HTTP
183.32.88.71,6666,广东中山,HTTP
220.166.14.43,8118,浙江丽水,HTTP
125.124.136.133,808,广东中山,HTTP
218.72.108.244,8118,浙江丽水,HTTP
163.125.249.55,8118,浙江丽水,HTTP
117.87.178.136,808,广东中山,HTTP
183.32.88.170,808,广东中山,HTTP
110.73.10.91,808,江苏南京,HTTP
121.31.101.48,9797,广西南宁,HTTP
125.72.106.109,9797,广西南宁,HTTP
27.40.134.217,8888,广东深圳,HTTP
113.88.64.141,9000,广东深圳,HTTP
220.189.252.194,808,广东中山,HTTP
111.194.3.72,808,广东中山,HTTP
115.226.10.198,6666,广东中山,HTTP
222.246.12.220,6666,广东中山,HTTP
219.138.58.58,6666,广东中山,HTTP
183.32.88.6,6666,广东中山,HTTP
110.73.11.249,808,江苏南京,HTTP
183.32.88.69,8118,浙江丽水,HTTP
122.4.162.10,8118,浙江丽水,HTTP
183.32.88.110,9000,广东深圳,HTTP
110.73.53.14,9000,广东深圳,HTTP
121.34.50.169,9000,广东深圳,HTTP
113.221.45.141,9000,广东深圳,HTTP
223.241.116.153,9000,广东深圳,HTTP
106.42.196.76,23005,浙江台州,HTTP
219.138.58.135,6666,广东中山,HTTP
183.32.89.244,23005,浙江台州,HTTP
171.217.59.69,6666,广东中山,HTTP
106.57.168.60,23005,浙江台州,HTTP
101.65.51.224,808,广东中山,HTTP
122.114.5.204,8118,浙江丽水,HTTP
183.32.88.237,8118,浙江丽水,HTTP
122.158.50.134,23005,浙江台州,HTTP
182.45.93.47,9000,广东深圳,HTTP
220.168.237.77,9000,广东深圳,HTTP
119.123.179.17,23005,浙江台州,HTTP
223.241.79.69,6666,广东中山,HTTP
14.211.9.89,808,广东中山,HTTP
223.241.116.52,8118,浙江丽水,HTTP
121.31.154.58,23005,浙江台州,HTTP
123.185.129.133,8118,浙江丽水,HTTP
112.95.25.132,23005,浙江台州,HTTP
59.39.128.225,23837,河南新乡,HTTP
183.32.89.41,8118,浙江丽水,HTTP
115.213.204.53,9000,广东深圳,HTTP
61.144.101.64,6666,广东中山,HTTP
180.118.241.167,808,广东中山,HTTP
183.32.88.2,61234,广东湛江,HTTP
115.194.241.90,61234,广东湛江,HTTP
222.76.187.39,9000,广东深圳,HTTP
110.73.7.23,8118,云南临沧,HTTP
110.73.51.12,8888,北京,HTTP
117.60.173.51,8118,云南临沧,HTTP
171.39.28.120,9797,广西南宁,HTTP
171.39.72.74,9999,广东广州市天河区,HTTP
223.241.116.168,8888,北京,HTTP
125.93.192.225,8118,云南临沧,HTTP
112.81.207.107,8118,云南临沧,HTTP
113.105.157.216,8888,北京,HTTP
112.114.93.80,8888,北京,HTTP
27.46.31.49,8888,北京,HTTP
111.200.71.106,8123,广西防城港,HTTP
27.184.125.53,9797,广西南宁,HTTP
110.72.17.17,8123,广西防城港,HTTP
121.31.103.198,8123,广西防城港,HTTP
27.46.51.207,8123,广西防城港,HTTP
59.39.128.37,8118,云南临沧,HTTP
180.121.133.243,8118,云南临沧,HTTP
59.40.71.11,8118,云南临沧,HTTP
182.96.143.126,8888,北京,HTTP
49.85.12.97,61234,广东湛江,HTTP
119.122.32.190,8123,广西防城港,HTTP
110.73.11.131,8888,北京,HTTP
110.73.12.105,8118,云南临沧,HTTP
221.211.131.83,8123,广西防城港,HTTP
221.237.139.29,8888,北京,HTTP
218.17.8.240,8118,云南临沧,HTTP
125.112.203.97,8888,广东深圳,HTTP
171.39.14.197,8123,广西防城港,HTTP
110.73.51.175,8118,云南临沧,HTTP
49.71.129.202,8888,广东深圳,HTTP
1.192.242.14,61234,广东湛江,HTTP
115.171.46.120,61234,广东湛江,HTTP
180.118.243.203,61234,广东湛江,HTTP
183.30.197.115,808,江苏南京,HTTP
183.32.88.70,61234,广东湛江,HTTP
183.144.221.252,61234,广东湛江,HTTP
223.153.96.93,61234,广东湛江,HTTP
163.125.16.222,61234,广东湛江,HTTP
219.138.58.99,61234,广东湛江,HTTP
183.30.197.237,8888,广东深圳,HTTP
183.148.93.92,61234,广东湛江,HTTP
182.90.86.142,8123,广西防城港,HTTP
222.246.12.76,808,江苏南京,HTTP
123.232.172.188,8118,云南临沧,HTTP
183.30.197.212,808,江苏南京,HTTP
114.100.21.133,808,江苏南京,HTTP
42.7.29.24,808,江苏南京,HTTP
183.32.89.211,8888,广东深圳,HTTP
27.42.139.227,808,广东中山,HTTP
117.64.225.174,8123,广西防城港,HTTP
223.241.116.89,61234,广东湛江,HTTP
61.144.104.40,8123,广西防城港,HTTP
110.73.35.4,8888,广东深圳,HTTP
27.44.168.113,9999,广东广州市天河区,HTTP
117.71.53.142,23837,河南新乡,HTTP
27.46.34.229,9797,广西南宁,HTTP
112.114.76.249,23837,河南新乡,HTTP
183.32.88.169,61234,广东湛江,HTTP
119.122.35.7,9797,广西南宁,HTTP
110.73.33.225,9797,广西南宁,HTTP
110.73.12.86,80,湖北,HTTP
112.114.96.91,23837,河南新乡,HTTP
183.32.89.48,23005,浙江台州,HTTP
183.32.89.10,23837,河南新乡,HTTP
112.228.169.121,80,湖北,HTTP
183.32.89.198,80,湖北,HTTP
113.65.160.254,8888,广东深圳,HTTP
180.118.243.243,80,湖北,HTTP
114.218.35.16,8888,广东深圳,HTTP
222.246.21.211,9797,广西南宁,HTTP
110.73.0.31,80,湖北,HTTP
120.84.201.204,8888,广东深圳,HTTP
183.32.88.98,80,湖北,HTTP
113.116.156.210,80,湖北,HTTP
14.153.52.198,61234,广东湛江,HTTP
112.67.164.151,80,湖北,HTTP
222.71.90.60,23005,浙江台州,HTTP
183.32.89.49,80,湖北,HTTP
121.237.137.130,8888,广东深圳,HTTP
113.105.201.44,8888,广东深圳,HTTP
171.39.15.96,9999,广东广州市天河区,HTTP
112.114.95.77,80,湖北,HTTP
110.72.37.155,80,湖北,HTTP
110.90.132.86,8888,广东深圳,HTTP
183.32.88.87,8888,广东深圳,HTTP
120.43.232.226,8888,广东深圳,HTTP
112.114.96.7,8888,广东深圳,HTTP
115.46.73.102,8888,广东深圳,HTTP
49.85.3.115,8888,广东深圳,HTTP
163.125.158.126,8888,广东深圳,HTTP
113.221.49.104,8888,广东深圳,HTTP
221.7.49.209,8123,广西南宁,HTTP
123.161.156.83,8888,四川成都,HTTP
121.226.155.66,8123,广西南宁,HTTP
222.76.187.50,8123,广西南宁,HTTP
223.241.117.195,8888,广东深圳,HTTP
183.52.150.171,8888,四川成都,HTTP
180.118.242.220,8123,广西南宁,HTTP
222.76.187.130,8123,广西南宁,HTTP
110.73.11.226,8123,广西南宁,HTTP
180.110.165.167,8123,广西南宁,HTTP
183.30.204.137,8123,广西防城港,HTTP
49.85.4.71,8888,广东深圳,HTTP
183.129.14.88,23837,河南新乡,HTTP
110.85.89.102,23837,河南新乡,HTTP
182.88.196.251,23837,河南新乡,HTTP
27.40.139.28,23837,河南新乡,HTTP
223.241.118.211,80,湖北,HTTP
110.90.132.25,80,湖北,HTTP
118.114.210.138,80,湖北,HTTP
183.32.88.163,80,湖北,HTTP
171.37.173.203,80,湖北,HTTP
182.92.207.196,8888,四川成都,HTTP
121.228.212.179,80,湖北,HTTP
121.31.158.131,8888,四川成都,HTTP
110.200.70.147,80,湖北,HTTP
60.167.23.162,8888,四川成都,HTTP
110.73.11.72,8888,四川成都,HTTP
110.73.48.155,8888,四川成都,HTTP
49.81.10.55,8888,四川成都,HTTP
219.138.58.71,8888,四川成都,HTTP
113.121.243.161,23837,河南新乡,HTTP
112.114.92.30,80,湖北,HTTP
183.32.89.5,23837,河南新乡,HTTP
101.81.141.130,80,湖北,HTTP
27.46.74.50,80,湖北,HTTP
123.152.76.219,23005,浙江台州,HTTP
220.166.254.237,9000,广东深圳,HTTP
180.76.169.24,23005,浙江台州,HTTP
183.32.89.129,23005,浙江台州,HTTP
171.39.10.93,9000,广东深圳,HTTP
115.154.191.26,23005,浙江台州,HTTP
183.32.89.52,23005,浙江台州,HTTP
183.32.88.94,23005,浙江台州,HTTP
115.204.32.147,23005,浙江台州,HTTP
183.32.88.3,23005,浙江台州,HTTP
223.241.79.49,23005,浙江台州,HTTP
183.32.89.55,23005,浙江台州,HTTP
223.241.119.156,23837,河南新乡,HTTP
113.92.93.10,23837,河南新乡,HTTP
180.160.50.182,23837,河南新乡,HTTP
183.32.88.225,23837,河南新乡,HTTP
113.242.142.240,23837,河南新乡,HTTP
27.40.135.177,23837,河南新乡,HTTP
1.199.192.47,23837,河南新乡,HTTP
125.126.163.33,23837,河南新乡,HTTP
110.73.35.31,61234,广东,HTTP
122.241.223.204,23837,河南新乡,HTTP
222.186.45.112,23837,河南新乡,HTTP
49.64.176.42,808,广东中山,HTTP
182.88.246.87,8118,浙江丽水,HTTP
121.236.46.208,8118,浙江丽水,HTTP
112.67.166.66,8118,浙江丽水,HTTP
182.88.199.111,808,广东中山,HTTP
183.32.88.196,8118,浙江丽水,HTTP
183.32.88.135,8118,浙江丽水,HTTP
112.84.230.37,9000,广东深圳,HTTP
125.112.196.185,9000,广东深圳,HTTP
183.32.89.26,8118,浙江丽水,HTTP
183.32.89.243,9000,广东深圳,HTTP
112.67.170.107,9000,广东深圳,HTTP
121.31.151.68,8888,四川成都,HTTP
112.114.96.22,23005,浙江台州,HTTP
27.46.37.40,23005,浙江台州,HTTP
183.32.88.203,23005,浙江台州,HTTP
114.216.78.98,23005,浙江台州,HTTP
112.114.97.209,6666,广东中山,HTTP
182.88.253.27,23005,浙江台州,HTTP
123.156.132.2,9000,广东深圳,HTTP
183.32.88.220,9000,广东深圳,HTTP
60.168.80.237,9000,广东深圳,HTTP
144.255.12.133,8118,浙江丽水,HTTP
123.189.95.219,9000,广东深圳,HTTP
110.73.11.146,9999,广东广州市天河区,HTTP
119.129.97.16,9999,广东广州市天河区,HTTP
112.114.98.32,808,广东中山,HTTP
183.32.88.172,8118,浙江丽水,HTTP
182.88.213.92,9000,广东深圳,HTTP
183.32.88.152,9000,广东深圳,HTTP
119.123.246.212,9000,广东深圳,HTTP
123.163.165.79,61234,广东,HTTP
121.31.100.222,8888,四川成都,HTTP
220.162.78.134,61234,广东,HTTP
106.113.242.139,8888,四川成都,HTTP
123.152.76.119,8118,北京,HTTP
183.32.88.173,6666,广东中山,HTTP
123.185.128.183,8118,北京,HTTP
183.62.196.10,8123,广西南宁,HTTP
183.148.94.73,8118,北京,HTTP
183.52.150.32,61234,广东,HTTP
183.32.89.37,9000,广东深圳,HTTP
202.194.14.72,61234,广东,HTTP
27.44.154.251,8123,广西南宁,HTTP
183.32.89.235,9000,广东深圳,HTTP
117.69.122.81,9797,广西南宁,HTTP
219.138.58.55,8888,四川成都,HTTP
106.56.102.201,9797,广西南宁,HTTP
118.254.149.81,9797,广西南宁,HTTP
49.85.10.87,8118,北京,HTTP
110.73.10.43,9999,广东广州市天河区,HTTP
222.76.187.58,8118,北京,HTTP
218.20.54.51,8888,四川成都,HTTP
183.32.90.58,6666,广东中山,HTTP
223.150.8.118,808,广东中山,HTTP
122.241.204.92,8118,北京,HTTP
171.88.52.60,8118,北京,HTTP
183.148.74.202,8118,北京,HTTP
180.168.208.200,8123,广西南宁,HTTP
183.32.88.187,9000,广东深圳,HTTP
27.46.43.18,808,广东中山,HTTP
103.21.116.85,8888,四川成都,HTTP
125.126.171.68,8118,云南临沧,HTTP
113.87.89.208,9999,广东广州市天河区,HTTP
115.221.117.71,9797,广东东莞,HTTP
182.88.253.230,8118,云南临沧,HTTP
121.31.156.18,9797,广东东莞,HTTP
183.148.69.138,8118,北京,HTTP
183.52.150.55,9999,广东广州市天河区,HTTP
118.254.149.234,9000,广东深圳,HTTP
222.85.39.142,8118,云南临沧,HTTP
223.241.118.89,8888,北京,HTTP
222.209.77.97,8123,广西防城港,HTTP
27.44.171.237,9797,广东东莞,HTTP
118.254.148.128,8888,北京,HTTP
121.31.152.147,8118,云南临沧,HTTP
122.242.88.106,8888,北京,HTTP
27.44.167.104,8888,北京,HTTP
121.31.102.191,9797,广东东莞,HTTP
124.237.131.167,8118,北京,HTTP
218.93.152.185,8123,广西防城港,HTTP
183.30.197.85,8123,广西防城港,HTTP
180.102.171.247,9999,广东广州市天河区,HTTP
113.65.214.58,9000,广东深圳,HTTP
27.40.150.32,9999,广东广州市天河区,HTTP
139.196.182.176,8888,北京,HTTP
183.149.236.231,8888,北京,HTTP
180.155.141.233,8888,北京,HTTP
125.126.167.227,9000,广东深圳,HTTP
115.194.167.15,8118,云南临沧,HTTP
125.124.66.83,8888,北京,HTTP
59.38.60.178,9797,广西南宁,HTTP
221.217.55.219,6666,广东中山,HTTP
175.171.186.31,6666,广东中山,HTTP
183.32.90.110,6666,广东中山,HTTP
123.14.224.42,61234,广东,HTTP
110.73.50.39,61234,广东,HTTP
223.242.245.37,8123,广西防城港,HTTP
182.88.134.208,61234,广东,HTTP
220.198.98.152,8123,广西防城港,HTTP
27.40.149.87,61234,广东,HTTP
120.34.90.156,6666,广东中山,HTTP
183.32.89.173,6666,广东中山,HTTP
114.101.183.248,8123,广西防城港,HTTP
115.203.209.166,8123,广西防城港,HTTP
219.138.58.89,9797,广西南宁,HTTP
222.76.187.107,61234,广东,HTTP
221.233.85.149,6666,广东中山,HTTP
27.46.74.48,9797,广西南宁,HTTP
106.81.230.158,808,广东中山,HTTP
58.61.140.65,8123,广西防城港,HTTP
183.32.88.14,9000,广东深圳,HTTP
121.40.249.15,8118,云南临沧,HTTP
183.166.70.63,8123,广西防城港,HTTP
182.88.161.78,8888,北京,HTTP
223.241.78.227,8118,云南临沧,HTTP
125.126.165.222,8123,广西防城港,HTTP
183.32.89.83,6666,广东中山,HTTP
183.15.80.163,8123,广西防城港,HTTP
59.173.75.48,8123,广西防城港,HTTP
114.99.69.78,8123,广西防城港,HTTP
222.208.210.56,8888,北京,HTTP
120.24.79.213,61234,广东,HTTP
163.125.123.43,8888,北京,HTTP
180.160.47.109,9000,广东深圳,HTTP
125.89.52.78,9000,广东深圳,HTTP
59.38.60.138,8888,北京,HTTP
59.78.44.38,8123,广西南宁,HTTP
27.40.153.135,61234,广东,HTTP
60.175.212.225,8118,云南临沧,HTTP
123.185.129.139,61234,广东,HTTP
171.13.37.166,9797,广西南宁,HTTP
121.31.144.224,61234,广东,HTTP
117.43.0.106,9999,广东广州市天河区,HTTP
116.30.192.101,8888,北京,HTTP
114.249.119.131,8123,广西防城港,HTTP
110.73.55.190,8123,广西防城港,HTTP
182.91.224.3,8888,北京,HTTP
222.186.45.123,8123,广西防城港,HTTP
110.172.220.197,8888,北京,HTTP
112.114.93.32,8888,北京,HTTP
110.73.6.102,9797,广西南宁,HTTP
115.225.32.164,8888,北京,HTTP
171.39.45.189,9797,广东东莞,HTTP
115.203.214.144,8888,北京,HTTP
110.73.9.214,808,广东中山,HTTP
223.199.154.252,9999,广东广州市天河区,HTTP
27.40.128.163,8118,云南临沧,HTTP
140.250.142.34,8888,北京,HTTP
219.138.58.217,8123,广西防城港,HTTP
121.31.102.118,8123,广西防城港,HTTP
119.136.199.236,6666,广东中山,HTTP
113.92.94.103,8123,广西防城港,HTTP
175.147.117.167,8118,云南临沧,HTTP
222.94.220.119,8888,四川成都,HTTP
27.44.199.39,8123,广西防城港,HTTP
175.171.189.71,8123,广西防城港,HTTP
222.66.22.82,8118,云南临沧,HTTP
115.46.74.177,8118,云南临沧,HTTP
121.205.254.107,8123,广西防城港,HTTP
110.73.9.88,8118,北京,HTTP
115.221.116.30,8123,广西防城港,HTTP
27.40.133.90,9797,广西南宁,HTTP
114.239.145.10,8123,广西防城港,HTTP
182.112.196.89,9797,广西南宁,HTTP
58.59.172.137,8888,北京,HTTP
110.73.49.173,9797,广东东莞,HTTP
120.35.12.105,9797,广东东莞,HTTP
110.73.30.75,6666,广东中山,HTTP
110.73.50.148,8888,北京,HTTP
223.241.78.122,9797,广东东莞,HTTP
110.73.4.216,6666,广东中山,HTTP
121.31.148.127,61234,广东,HTTP
27.46.39.91,8888,北京,HTTP
223.241.78.110,8888,北京,HTTP
114.234.80.93,8888,北京,HTTP
222.186.45.57,61234,广东,HTTP
218.20.55.137,8118,北京,HTTP
180.118.241.188,8123,广西南宁,HTTP
112.124.39.77,8123,广西南宁,HTTP
110.73.42.48,8123,广西南宁,HTTP
171.91.129.13,9797,广东东莞,HTTP
122.114.122.212,9797,广东东莞,HTTP
110.73.3.68,9797,广东东莞,HTTP
121.31.101.176,61234,广东,HTTP
121.31.101.204,61234,广东,HTTP
112.67.160.36,8888,四川成都,HTTP
180.104.63.209,8118,北京,HTTP
171.37.165.220,8118,北京,HTTP
118.254.144.190,8123,广西南宁,HTTP
183.157.186.22,8118,北京,HTTP
219.138.58.37,8123,广西南宁,HTTP
113.83.248.85,9797,广东深圳,HTTP
59.39.128.194,9797,广东东莞,HTTP
14.221.166.32,9797,广东深圳,HTTP
171.104.132.152,9797,广东东莞,HTTP
218.20.54.236,9797,广东东莞,HTTP
220.198.97.221,9797,广东深圳,HTTP
1.83.102.99,9797,广东深圳,HTTP
163.125.253.55,9797,广东深圳,HTTP
163.125.124.224,9797,广东深圳,HTTP
121.13.84.55,9797,广东东莞,HTTP
27.44.161.110,9797,广东东莞,HTTP
27.46.35.178,9797,广东东莞,HTTP
112.67.179.18,9797,广东东莞,HTTP
115.200.168.118,9797,广东东莞,HTTP
27.44.152.54,9797,广东东莞,HTTP
171.104.133.233,9797,广东深圳,HTTP
115.28.214.174,9797,广东东莞,HTTP
223.243.209.167,9797,广东东莞,HTTP
180.173.149.123,9797,广东东莞,HTTP
27.46.38.30,9797,广东东莞,HTTP
14.211.124.165,9797,广东深圳,HTTP
163.125.253.56,9797,广东深圳,HTTP
119.36.92.42,9797,广东东莞,HTTP
116.22.59.111,9797,广东东莞,HTTP
14.117.209.138,9797,广东深圳,HTTP
27.44.165.98,9797,广东深圳,HTTP
27.44.171.91,9797,广东深圳,HTTP
218.20.55.46,9797,广东东莞,HTTP
112.67.170.144,9797,广东深圳,HTTP
112.67.187.17,9797,广东深圳,HTTP
14.117.210.67,9797,广东东莞,HTTP
183.30.197.164,9797,广东东莞,HTTP
1.83.100.244,9797,广东东莞,HTTP
58.17.116.115,9797,广东东莞,HTTP
114.249.114.172,9797,广东深圳,HTTP
101.6.134.221,9797,广东广州,HTTP
106.113.242.117,9797,广东广州,HTTP
27.46.43.86,9797,广东广州,HTTP
116.20.229.125,9000,北京,HTTP
14.211.118.254,9000,广东深圳,HTTP
113.76.96.57,9797,广东广州,HTTP
27.44.160.135,9797,广东东莞,HTTP
163.125.65.156,9797,广东东莞,HTTP
163.125.197.95,9797,广东东莞,HTTP
171.116.155.24,9797,广东广州,HTTP
202.201.3.121,9797,广东广州,HTTP
61.160.208.222,9797,广东广州,HTTP
59.59.147.97,9797,广东广州,HTTP
111.200.126.233,9797,广东广州,HTTP
113.83.240.26,9797,广东广州,HTTP
61.144.101.155,9797,广东广州,HTTP
101.6.134.15,9000,广东深圳,HTTP
119.136.196.199,9000,广东深圳,HTTP
119.136.199.219,9999,广东,HTTP
112.95.206.163,9000,北京,HTTP
125.93.148.213,9797,广东珠海,HTTP
112.67.189.246,9000,广东深圳,HTTP
182.139.160.71,9000,广东深圳,HTTP
218.20.54.4,9797,广东珠海,HTTP
116.30.218.76,9797,广东珠海,HTTP
122.235.161.66,9797,广东珠海,HTTP
106.113.242.22,9797,广东珠海,HTTP
183.30.201.191,9797,广东珠海,HTTP
36.57.209.204,9000,广东深圳,HTTP
114.93.60.181,9000,广东深圳,HTTP
27.46.41.43,9797,广东珠海,HTTP
58.222.181.141,9000,广东深圳,HTTP
112.67.181.54,9000,广东深圳,HTTP
59.38.60.50,9797,广东珠海,HTTP
27.46.38.98,9000,北京,HTTP
27.44.160.25,9999,广东,HTTP
14.211.119.158,9000,广东深圳,HTTP
106.14.217.77,9000,广东深圳,HTTP
218.83.59.251,9000,广东深圳,HTTP
58.251.184.142,9000,广东深圳,HTTP
163.125.148.81,9000,广东深圳,HTTP
171.37.142.188,9797,广东广州,HTTP
1.195.63.220,9000,广东深圳,HTTP
180.160.57.76,9797,广东广州,HTTP
27.46.38.84,9797,广东广州,HTTP
116.23.137.56,9797,广东广州,HTTP
112.67.182.176,9797,广东广州,HTTP
121.57.27.211,9797,广东广州,HTTP
114.223.40.147,9797,广东广州,HTTP
120.84.137.234,9000,广东深圳,HTTP
171.104.132.153,9797,广东广州,HTTP
59.40.71.221,9797,广东广州,HTTP
120.86.183.61,9797,广东广州,HTTP
162.105.25.176,9797,广东广州,HTTP
183.14.110.122,9797,广东广州,HTTP
61.144.103.38,9797,广东广州,HTTP
182.91.196.159,9797,广东广州,HTTP
220.198.98.92,9797,广东广州,HTTP
119.129.96.142,9000,广东深圳,HTTP
27.46.42.5,9000,北京,HTTP
163.125.192.47,9000,广东深圳,HTTP
113.228.62.7,9797,广东珠海,HTTP
27.46.33.214,9000,北京,HTTP
112.91.221.251,9000,广东深圳,HTTP
120.84.234.178,9000,广东深圳,HTTP
218.20.54.168,9797,广东珠海,HTTP
49.66.210.25,9000,北京,HTTP
119.129.96.33,9000,广东深圳,HTTP
119.122.213.76,9797,广东珠海,HTTP
27.46.42.250,9000,北京,HTTP
27.42.145.89,9797,广东广州,HTTP
112.93.163.163,9000,北京,HTTP
163.125.156.218,9000,北京,HTTP
112.91.219.133,9797,广东珠海,HTTP
58.222.181.139,9000,广东深圳,HTTP
183.184.112.78,9000,广东深圳,HTTP
59.38.61.23,9000,广东深圳,HTTP
218.20.54.190,9000,广东深圳,HTTP
223.199.175.107,9000,广东深圳,HTTP
113.83.219.206,9000,广东深圳,HTTP
183.30.204.54,9797,广东珠海,HTTP
60.168.43.195,9000,广东深圳,HTTP
59.59.145.90,9000,广东深圳,HTTP
112.95.92.16,9000,广东深圳,HTTP
114.221.127.103,9000,广东深圳,HTTP
27.46.20.127,9000,广东深圳,HTTP
218.20.55.141,9000,广东深圳,HTTP
222.89.112.48,9000,广东深圳,HTTP
163.125.198.93,9000,广东深圳,HTTP
183.30.204.122,9000,广东深圳,HTTP
101.5.82.17,9000,广东深圳,HTTP
119.114.111.142,8080,广东深圳,HTTP
210.41.99.66,9000,广东深圳,HTTP
113.87.163.152,9000,广东深圳,HTTP
171.37.53.113,8080,广东深圳,HTTP
101.6.130.227,9000,广东深圳,HTTP
119.114.104.79,9999,广东,HTTP
112.91.93.101,9999,广东,HTTP
171.88.52.96,9999,广东,HTTP
182.88.42.168,9999,广东,HTTP
113.88.176.154,9999,广东,HTTP
182.121.203.242,8080,广东深圳,HTTP
218.20.54.172,8080,广东深圳,HTTP
113.116.142.250,8080,广东深圳,HTTP
180.171.136.220,9999,广东,HTTP
14.211.127.16,9999,广东,HTTP
27.46.74.32,9999,广东惠州,HTTP
27.46.49.63,8080,广东深圳,HTTP
14.221.165.250,9999,广东惠州,HTTP
221.217.53.121,8080,广东深圳,HTTP
14.117.209.108,8080,广东深圳,HTTP
221.204.118.105,9999,广东惠州,HTTP
119.122.2.160,9797,广东珠海,HTTP
183.30.197.8,9999,广东惠州,HTTP
116.23.137.37,8080,广东深圳,HTTP
221.217.50.177,9999,广东惠州,HTTP
163.125.156.201,8080,广东深圳,HTTP
27.44.165.42,9797,广东珠海,HTTP
113.92.2.190,9797,广东珠海,HTTP
59.38.60.105,9999,广东东莞,HTTP
219.137.206.213,9999,广东东莞,HTTP
27.46.43.182,9797,广东珠海,HTTP
27.44.196.23,9797,广东珠海,HTTP
113.92.1.10,9999,广东东莞,HTTP
27.46.40.54,9797,广东珠海,HTTP
49.88.92.246,9999,广东东莞,HTTP
60.168.52.103,9797,广东珠海,HTTP
218.20.54.230,9999,广东东莞,HTTP
175.171.182.195,9999,广东东莞,HTTP
119.129.97.98,9999,广东东莞,HTTP
112.67.189.25,9999,广东东莞,HTTP
221.225.186.63,9797,广东珠海,HTTP
223.199.160.66,9797,广东珠海,HTTP
117.82.107.78,9999,广东东莞,HTTP
202.194.14.72,6666,广东深圳,HTTP
27.44.175.35,6666,广东深圳,HTTP
119.90.63.3,9999,广东东莞,HTTP
112.114.96.239,22936,广东江门,HTTP
112.114.96.178,8010,安徽,HTTP
112.114.96.95,22936,广东江门,HTTP
125.93.193.122,8123,浙江杭州,HTTP
112.114.94.244,22936,广东江门,HTTP
27.44.168.77,8123,浙江杭州,HTTP
125.126.160.103,22936,广东江门,HTTP
110.73.11.3,8010,安徽,HTTP
112.114.99.164,8010,安徽,HTTP
183.32.88.86,8010,安徽,HTTP
112.114.77.209,8010,安徽,HTTP
112.114.97.213,22936,广东江门,HTTP
183.144.220.114,22936,广东江门,HTTP
124.237.131.0,8010,安徽,HTTP
171.38.25.253,22936,广东江门,HTTP
183.32.89.5,22936,广东江门,HTTP
59.40.71.11,9999,广东东莞,HTTP
112.114.97.45,22936,广东江门,HTTP
121.236.81.84,22936,广东江门,HTTP
125.124.130.232,8123,浙江杭州,HTTP
58.59.173.161,9797,广东珠海,HTTP
123.55.178.77,8010,安徽,HTTP
223.241.79.206,22936,广东江门,HTTP
101.94.6.50,22936,广东江门,HTTP
39.71.80.109,8010,安徽,HTTP
183.32.88.39,8010,安徽,HTTP
119.129.98.7,9797,广东珠海,HTTP
125.78.111.85,8010,安徽,HTTP
60.168.53.40,9797,广东珠海,HTTP
27.40.139.28,22936,广东江门,HTTP
123.55.189.217,22936,广东江门,HTTP
27.40.155.75,8010,安徽,HTTP
110.73.6.232,22936,广东江门,HTTP
117.25.188.179,8010,安徽,HTTP
221.233.85.221,22936,广东江门,HTTP
113.242.142.240,22936,广东江门,HTTP
182.88.196.251,22936,广东江门,HTTP
115.193.68.115,22936,广东江门,HTTP
223.241.119.156,22936,广东江门,HTTP
121.226.161.8,8010,安徽,HTTP
125.126.170.209,808,四川成都,HTTP
42.59.167.249,8010,安徽,HTTP
183.146.14.119,22936,广东江门,HTTP
115.202.47.120,22936,广东江门,HTTP
183.32.88.171,8010,安徽,HTTP
110.85.89.135,8010,安徽,HTTP
123.53.136.139,22936,广东江门,HTTP
175.163.90.129,8010,安徽,HTTP
223.241.118.70,8010,安徽,HTTP
118.120.184.101,22936,广东江门,HTTP
223.241.117.39,8010,安徽,HTTP
49.85.9.202,8010,安徽,HTTP
59.58.242.65,8010,安徽,HTTP
112.114.99.112,8010,安徽,HTTP
49.85.3.40,8010,安徽,HTTP
120.35.175.214,8010,安徽,HTTP
175.8.8.2,808,四川成都,HTTP
112.114.96.91,8010,安徽,HTTP
117.28.24.52,808,四川成都,HTTP
118.254.148.110,808,四川成都,HTTP
183.32.89.180,808,四川成都,HTTP
122.4.29.15,808,四川成都,HTTP
49.85.10.176,808,四川成都,HTTP
183.32.89.179,808,四川成都,HTTP
49.84.223.4,808,四川成都,HTTP
117.60.179.127,808,四川成都,HTTP
223.241.116.208,808,四川成都,HTTP
117.87.178.205,808,四川成都,HTTP
223.241.78.135,8123,广西南宁,HTTP
115.221.120.92,808,四川成都,HTTP
180.123.171.180,8123,广西百色,HTTP
27.40.154.15,8123,广西百色,HTTP
27.40.150.253,8123,广西百色,HTTP
110.73.1.73,8123,广西南宁,HTTP
220.160.10.173,8123,广西百色,HTTP
27.156.211.90,8123,广西百色,HTTP
110.73.5.8,808,广东中山,HTTP
183.32.90.23,8123,广西百色,HTTP
223.241.117.165,8123,广西南宁,HTTP
49.81.9.23,8123,广西南宁,HTTP
183.133.66.72,8123,广西南宁,HTTP
183.32.88.202,8123,广西百色,HTTP
183.32.88.41,8123,广西百色,HTTP
115.209.9.226,8123,广西南宁,HTTP
223.241.116.228,8123,广西南宁,HTTP
123.55.177.175,8123,广西百色,HTTP
123.161.238.229,8123,广西百色,HTTP
183.32.88.136,8123,广西百色,HTTP
183.130.173.109,8123,广西百色,HTTP
113.128.10.17,8123,广西南宁,HTTP
113.121.243.227,8123,广西百色,HTTP
1.199.193.249,8123,广西南宁,HTTP
218.73.128.253,8123,广西南宁,HTTP
114.239.0.42,8123,广西百色,HTTP
112.114.93.27,8123,广西百色,HTTP
171.39.114.196,8123,广西南宁,HTTP
223.241.119.227,808,四川成都,HTTP
110.73.43.182,8123,广西南宁,HTTP
183.32.88.123,8123,广西百色,HTTP
180.118.240.36,8123,广西百色,HTTP
112.114.98.143,8123,广西百色,HTTP
183.144.223.89,8123,广西南宁,HTTP
111.114.37.191,8123,广西南宁,HTTP
114.232.156.111,8123,广西南宁,HTTP
182.42.36.219,8118,辽宁大连,HTTP
42.87.226.22,808,广东中山,HTTP
113.98.244.226,808,广东中山,HTTP
113.121.36.94,8123,广西南宁,HTTP
120.34.90.156,8123,广西南宁,HTTP
123.161.154.130,8123,广西南宁,HTTP
123.149.163.28,8123,广西南宁,HTTP
121.31.177.138,8123,广西桂林,HTTP
121.31.199.121,808,广东中山,HTTP
183.146.8.5,8123,广西桂林,HTTP
110.73.4.216,8123,广西南宁,HTTP
115.171.69.108,8118,辽宁大连,HTTP
183.32.89.93,8123,广西南宁,HTTP
110.72.27.92,8118,辽宁大连,HTTP
183.148.74.155,8118,辽宁大连,HTTP
222.79.248.243,8123,广西南宁,HTTP
123.160.49.226,8123,广西百色,HTTP
110.73.30.178,8118,辽宁大连,HTTP
180.122.150.155,8118,辽宁大连,HTTP
115.217.254.215,8123,广西南宁,HTTP
123.185.129.137,8123,广西南宁,HTTP
122.241.28.58,8123,广西南宁,HTTP
183.32.89.173,8123,广西南宁,HTTP
106.46.205.19,8123,广西南宁,HTTP
121.31.153.238,8123,广西,HTTP
124.228.239.22,8123,广西,HTTP
115.55.189.218,8123,广西南宁,HTTP
183.32.88.47,8123,广西南宁,HTTP
121.31.194.187,808,广东中山,HTTP
110.87.2.174,808,广东中山,HTTP
113.242.151.210,8123,广西防城港,HTTP
118.254.151.113,8123,广西防城港,HTTP
180.119.65.110,8123,广西防城港,HTTP
121.31.147.179,8123,广西防城港,HTTP
106.46.88.174,8123,广西防城港,HTTP
171.37.157.44,8123,广西防城港,HTTP
110.87.7.253,8123,广西防城港,HTTP
110.73.30.146,808,河南郑州,HTTP
121.31.155.25,808,河南郑州,HTTP
27.40.130.9,8123,广西桂林,HTTP
114.235.82.121,8123,广西桂林,HTTP
49.84.223.191,8123,广西防城港,HTTP
110.73.55.164,808,河南郑州,HTTP
114.230.120.222,29739,浙江台州,HTTP
219.138.58.195,29739,浙江台州,HTTP
219.138.58.150,808,河南郑州,HTTP
113.121.176.67,8123,广西,HTTP
223.241.116.238,8123,广西,HTTP
180.118.240.81,808,河南郑州,HTTP
115.46.72.171,8123,广西,HTTP
49.85.0.223,8123,广西,HTTP
125.126.171.23,8123,广西,HTTP
113.121.242.236,8123,广西,HTTP
115.217.252.87,29739,浙江台州,HTTP
59.58.240.209,8123,广西,HTTP
122.4.44.27,8123,广西,HTTP
221.227.59.43,808,河南郑州,HTTP
222.77.50.221,8123,广西,HTTP
183.52.150.155,808,河南郑州,HTTP
49.72.4.176,8118,辽宁大连,HTTP
219.138.58.71,8118,辽宁大连,HTTP
175.155.243.176,8118,辽宁大连,HTTP
123.116.129.176,8123,广西桂林,HTTP
110.73.4.233,29739,浙江台州,HTTP
121.31.137.145,29739,浙江台州,HTTP
122.4.43.164,29739,浙江台州,HTTP
171.37.167.15,29739,浙江台州,HTTP
115.194.246.37,29739,浙江台州,HTTP
223.241.117.55,29739,浙江台州,HTTP
117.26.190.110,29739,浙江台州,HTTP
113.77.101.138,29739,浙江台州,HTTP
115.226.136.119,29739,浙江台州,HTTP
219.138.58.131,8118,辽宁大连,HTTP
119.117.24.254,8118,辽宁大连,HTTP
114.235.156.187,8118,辽宁大连,HTTP
183.52.150.63,8118,辽宁大连,HTTP
123.163.128.10,808,河南郑州,HTTP
106.81.230.127,808,河南郑州,HTTP
125.116.173.10,8123,广西,HTTP
118.254.144.210,8123,广西,HTTP
114.226.165.214,8123,广西,HTTP
121.31.147.123,8123,广西,HTTP
182.88.184.159,8123,广西,HTTP
118.254.147.67,8123,广西,HTTP
123.53.135.16,8123,广西,HTTP
218.66.144.202,808,河南郑州,HTTP
110.73.0.58,808,河南郑州,HTTP
123.206.132.106,808,河南郑州,HTTP
219.138.58.5,8123,广西桂林,HTTP
49.72.4.91,8123,广西桂林,HTTP
125.79.71.21,8123,广西,HTTP
27.40.152.233,29739,浙江台州,HTTP
114.218.249.126,8123,广西,HTTP
183.52.150.29,808,河南郑州,HTTP
124.237.130.8,8123,广西,HTTP
110.189.207.128,8123,广西,HTTP
116.31.124.104,8123,广西桂林,HTTP
183.52.150.214,808,河南郑州,HTTP
61.135.155.82,808,河南郑州,HTTP
122.241.200.209,8123,广西,HTTP
180.212.140.81,808,河南郑州,HTTP
106.46.202.224,29739,浙江台州,HTTP
222.76.187.205,8123,广西,HTTP
113.121.242.254,808,河南郑州,HTTP
117.95.105.29,29739,浙江台州,HTTP
117.86.23.53,29739,浙江台州,HTTP
171.8.170.140,29739,浙江台州,HTTP
